onset	duration	trial_type	sample	epoch_index	time_zero_sample	trialinfo_1	trialinfo_2	trialinfo_3	trialinfo_4	trialinfo_5	trialinfo_6	trialinfo_7	trialinfo_8	trialinfo_9
0.000000	4.501953	epoch	0	1	768	276	1	1	3	1	1.1875	1	2	1
4.501953	4.501953	epoch	2305	2	3073	324	1	2	3	1	3.384765625	2	2	2
9.003906	4.501953	epoch	4610	3	5378	252	1	2	4	1	2.92578125	3	2	3
13.505859	4.501953	epoch	6915	4	7683	204	1	1	4	1	1.9140625	4	2	4
18.007812	4.501953	epoch	9220	5	9988	300	-1	1	3	1	1.44140625	5	2	5
22.509766	4.501953	epoch	11525	6	12293	228	-1	1	4	1	1.46484375	6	2	6
27.011719	4.501953	epoch	13830	7	14598	12	-1	2	3	1	1.115234375	7	2	7
31.513672	4.501953	epoch	16135	8	16903	108	-1	1	4	1	1.65625	8	2	8
36.015625	4.501953	epoch	18440	9	19208	36	1	2	3	1	1.015625	9	2	9
40.517578	4.501953	epoch	20745	10	21513	156	-1	1	4	1	1.134765625	10	2	10
45.019531	4.501953	epoch	23050	11	23818	300	1	2	4	2	1.228515625	11	2	11
49.521484	4.501953	epoch	25355	12	26123	180	1	2	4	2	1.123046875	12	2	12
54.023438	4.501953	epoch	27660	13	28428	252	1	2	4	2	2.068359375	13	2	13
58.525391	4.501953	epoch	29965	14	30733	324	1	2	3	2	0.962890625	14	2	14
63.027344	4.501953	epoch	32270	15	33038	36	-1	1	3	2	2.080078125	15	2	15
67.529297	4.501953	epoch	34575	16	35343	84	1	1	3	2	1.171875	16	2	16
72.031250	4.501953	epoch	36880	17	37648	156	1	2	4	2	1.0625	17	2	17
76.533203	4.501953	epoch	39185	18	39953	276	1	1	4	2	1.59765625	18	2	18
81.035156	4.501953	epoch	41490	19	42258	60	-1	1	3	2	1.2421875	19	2	19
85.537109	4.501953	epoch	43795	20	44563	132	1	1	3	2	3.546875	20	2	20
90.039062	4.501953	epoch	46100	21	46868	12	1	2	3	1	1.021484375	21	2	21
94.541016	4.501953	epoch	48405	22	49173	252	-1	1	4	1	1.36328125	22	2	22
99.042969	4.501953	epoch	50710	23	51478	180	1	2	4	1	1.720703125	23	2	23
103.544922	4.501953	epoch	53015	24	53783	276	-1	2	3	1	1.7109375	24	2	24
108.046875	4.501953	epoch	55320	25	56088	132	-1	2	4	1	2.673828125	25	2	25
112.548828	4.501953	epoch	57625	26	58393	348	1	2	3	1	1.33984375	26	2	26
117.050781	4.501953	epoch	59930	27	60698	84	-1	1	4	1	1.984375	27	2	27
121.552734	4.501953	epoch	62235	28	63003	228	1	2	4	1	1.560546875	28	2	28
126.054688	4.501953	epoch	64540	29	65308	84	1	1	3	1	1.134765625	29	2	29
130.556641	4.501953	epoch	66845	30	67613	132	1	2	4	1	1.08984375	30	2	30
135.058594	4.501953	epoch	69150	31	69918	252	-1	2	4	2	1.38671875	31	2	31
139.560547	4.501953	epoch	71455	32	72223	132	-1	1	3	2	1.31640625	32	2	32
144.062500	4.501953	epoch	73760	33	74528	204	1	1	4	2	1.119140625	33	2	33
148.564453	4.501953	epoch	76065	34	76833	84	-1	1	3	2	1.74609375	34	2	34
153.066406	4.501953	epoch	78370	35	79138	300	-1	1	4	2	1.09765625	35	2	35
157.568359	4.501953	epoch	80675	36	81443	204	-1	2	4	2	1.1328125	36	2	36
162.070312	4.501953	epoch	82980	37	83748	348	1	1	3	2	1.28125	37	2	37
166.572266	4.501953	epoch	85285	38	86053	60	1	2	3	2	1.58984375	38	2	38
171.074219	4.501953	epoch	87590	39	88358	324	-1	2	4	2	2.52734375	39	2	39
175.576172	4.501953	epoch	89895	40	90663	180	-1	1	4	1	1.462890625	40	2	40
180.078125	4.501953	epoch	92200	41	92968	60	1	1	3	1	1.16796875	41	2	41
184.580078	4.501953	epoch	94505	42	95273	156	1	2	4	1	1.439453125	42	2	42
189.082031	4.501953	epoch	96810	43	97578	60	-1	2	3	1	3.541015625	43	2	43
193.583984	4.501953	epoch	99115	44	99883	348	-1	2	3	1	2.767578125	44	2	44
198.085938	4.501953	epoch	101420	45	102188	108	1	1	4	1	1.708984375	45	2	45
202.587891	4.501953	epoch	103725	46	104493	324	-1	2	3	1	1.2109375	46	2	46
207.089844	4.501953	epoch	106030	47	106798	204	-1	1	3	1	4.005859375	47	2	47
211.591797	4.501953	epoch	108335	48	109103	300	1	2	3	1	1.208984375	48	2	48
216.093750	4.501953	epoch	110640	49	111408	36	-1	1	3	1	1.408203125	49	2	49
220.595703	4.501953	epoch	112945	50	113713	156	-1	2	3	2	2.27734375	50	2	50
225.097656	4.501953	epoch	115250	51	116018	228	-1	1	4	2	1.841796875	51	2	51
229.599609	4.501953	epoch	117555	52	118323	108	1	2	3	2	1.19921875	52	2	52
234.101562	4.501953	epoch	119860	53	120628	12	-1	2	3	2	1.306640625	53	2	53
238.603516	4.501953	epoch	122165	54	122933	228	1	1	4	2	1.65625	54	2	54
243.105469	4.501953	epoch	124470	55	125238	348	-1	2	3	2	1.248046875	55	2	55
247.607422	4.501953	epoch	126775	56	127543	108	-1	2	3	2	1.12890625	56	2	56
252.109375	4.501953	epoch	129080	57	129848	180	-1	2	4	2	1.060546875	57	2	57
256.611328	4.501953	epoch	131385	58	132153	276	-1	2	4	2	1.45703125	58	2	58
261.113281	4.501953	epoch	133690	59	134458	12	1	1	3	2	1.439453125	59	2	59
265.615234	4.501953	epoch	135995	60	136763	108	1	1	4	1	1.779296875	1	2	60
270.117188	4.501953	epoch	138300	61	139068	12	1	1	3	1	1.142578125	2	2	61
274.619141	4.501953	epoch	140605	62	141373	156	-1	1	4	1	1.318359375	3	2	62
279.121094	4.501953	epoch	142910	63	143678	204	1	2	4	1	2.01171875	4	2	63
283.623047	4.501953	epoch	145215	64	145983	84	-1	2	3	1	0.904296875	5	2	64
288.125000	4.501953	epoch	147520	65	148288	228	-1	1	4	1	1.025390625	6	2	65
292.626953	4.501953	epoch	149825	66	150593	132	1	1	4	1	0.939453125	7	2	66
297.128906	4.501953	epoch	152130	67	152898	60	-1	2	3	1	1.09375	8	2	67
301.630859	4.501953	epoch	154435	68	155203	204	-1	1	4	1	1.568359375	9	2	68
306.132812	4.501953	epoch	156740	69	157508	276	1	2	4	2	1.0078125	10	2	69
310.634766	4.501953	epoch	159045	70	159813	324	1	1	3	2	1.08203125	11	2	70
315.136719	4.501953	epoch	161350	71	162118	252	1	2	4	2	2.16796875	12	2	71
319.638672	4.501953	epoch	163655	72	164423	204	1	2	4	2	0.779296875	13	2	72
324.140625	4.501953	epoch	165960	73	166728	300	-1	1	4	2	0.935546875	14	2	73
328.642578	4.501953	epoch	168265	74	169033	228	-1	2	4	2	1.220703125	15	2	74
333.144531	4.501953	epoch	170570	75	171338	12	-1	2	3	2	1.63671875	16	2	75
337.646484	4.501953	epoch	172875	76	173643	108	-1	1	3	2	1.455078125	17	2	76
342.148438	4.501953	epoch	175180	77	175948	36	1	1	3	2	1.677734375	18	2	77
346.650391	4.501953	epoch	177485	78	178253	156	-1	1	4	2	2.7890625	19	2	78
351.152344	4.501953	epoch	179790	79	180558	324	1	2	3	1	1.267578125	20	2	79
355.654297	4.501953	epoch	182095	80	182863	60	1	2	3	1	1.103515625	21	2	80
360.156250	4.501953	epoch	184400	81	185168	276	1	1	3	1	1.265625	22	2	81
364.658203	4.501953	epoch	186705	82	187473	180	1	2	4	1	1.208984375	23	2	82
369.160156	4.501953	epoch	189010	83	189778	84	1	1	4	1	1.703125	24	2	83
373.662109	4.501953	epoch	191315	84	192083	348	1	1	3	1	1.275390625	25	2	84
378.164062	4.501953	epoch	193620	85	194388	252	1	1	4	1	1.55859375	26	2	85
382.666016	4.501953	epoch	195925	86	196693	156	1	2	4	1	1.09765625	27	2	86
387.167969	4.501953	epoch	198230	87	198998	108	-1	1	4	1	3.25390625	28	2	87
391.669922	4.501953	epoch	200535	88	201303	12	1	1	3	2	2.36328125	29	2	88
396.171875	4.501953	epoch	202840	89	203608	252	-1	2	4	2	1.001953125	30	2	89
400.673828	4.501953	epoch	205145	90	205913	180	1	1	4	2	1.609375	31	2	90
405.175781	4.501953	epoch	207450	91	208218	276	-1	1	4	2	1.419921875	32	2	91
409.677734	4.501953	epoch	209755	92	210523	132	-1	2	3	2	1.140625	33	2	92
414.179688	4.501953	epoch	212060	93	212828	84	-1	2	3	2	1.068359375	34	2	93
418.681641	4.501953	epoch	214365	94	215133	228	1	2	4	2	1.048828125	35	2	94
423.183594	4.501953	epoch	216670	95	217438	84	1	1	3	2	1.373046875	36	2	95
427.685547	4.501953	epoch	218975	96	219743	132	1	2	3	2	1.13671875	37	2	96
432.187500	4.501953	epoch	221280	97	222048	324	-1	1	3	1	1.970703125	38	2	97
436.689453	4.501953	epoch	223585	98	224353	36	1	1	3	1	1.279296875	39	2	98
441.191406	4.501953	epoch	225890	99	226658	276	-1	2	3	1	1.013671875	40	2	99
445.693359	4.501953	epoch	228195	100	228963	348	-1	1	3	1	1.849609375	41	2	100
450.195312	4.501953	epoch	230500	101	231268	300	1	1	3	1	1.224609375	42	2	101
454.697266	4.501953	epoch	232805	102	233573	36	-1	1	3	1	2.580078125	43	2	102
459.199219	4.501953	epoch	235110	103	235878	300	-1	2	3	1	0.89453125	44	2	103
463.701172	4.501953	epoch	237415	104	238183	252	-1	1	3	1	1.1484375	45	2	104
468.203125	4.501953	epoch	239720	105	240488	180	-1	1	4	1	1.2734375	46	2	105
472.705078	4.501953	epoch	242025	106	242793	180	-1	2	4	2	2.1640625	47	2	106
477.207031	4.501953	epoch	244330	107	245098	60	1	2	3	2	1.5625	48	2	107
481.708984	4.501953	epoch	246635	108	247403	156	1	2	4	2	1.05859375	49	2	108
486.210938	4.501953	epoch	248940	109	249708	60	-1	2	3	2	1.419921875	50	2	109
490.712891	4.501953	epoch	251245	110	252013	348	-1	2	3	2	1.861328125	51	2	110
495.214844	4.501953	epoch	253550	111	254318	108	1	1	3	2	0.998046875	52	2	111
499.716797	4.501953	epoch	255855	112	256623	324	-1	2	3	2	0.91015625	53	2	112
504.218750	4.501953	epoch	258160	113	258928	204	-1	1	4	2	1.400390625	54	2	113
508.720703	4.501953	epoch	260465	114	261233	300	1	2	4	2	1.462890625	55	2	114
513.222656	4.501953	epoch	262770	115	263538	36	-1	2	3	2	0.830078125	56	2	115
517.724609	4.501953	epoch	265075	116	265843	12	-1	2	3	1	1.013671875	1	3	116
522.226562	4.501953	epoch	267380	117	268148	300	1	1	3	1	1.248046875	2	3	117
526.728516	4.501953	epoch	269685	118	270453	84	1	1	3	1	1.0859375	3	3	118
531.230469	4.501953	epoch	271990	119	272758	180	1	1	4	1	5.296875	4	3	119
535.732422	4.501953	epoch	274295	120	275063	228	-1	2	4	1	2.865234375	5	3	120
540.234375	4.501953	epoch	276600	121	277368	36	1	1	3	1	1.3203125	6	3	121
544.736328	4.501953	epoch	278905	122	279673	12	1	2	3	1	1.072265625	7	3	122
549.238281	4.501953	epoch	281210	123	281978	156	1	1	4	1	2.134765625	8	3	123
553.740234	4.501953	epoch	283515	124	284283	84	-1	1	3	2	1.189453125	9	3	124
558.242188	4.501953	epoch	285820	125	286588	132	-1	1	3	2	4.390625	10	3	125
562.744141	4.501953	epoch	288125	126	288893	12	1	2	3	2	0.892578125	11	3	126
567.246094	4.501953	epoch	290430	127	291198	324	1	2	4	2	1.6015625	12	3	127
571.748047	4.501953	epoch	292735	128	293503	228	1	1	4	2	1.654296875	13	3	128
576.250000	4.501953	epoch	295040	129	295808	300	1	1	4	2	2.087890625	14	3	129
580.751953	4.501953	epoch	297345	130	298113	348	-1	2	3	2	0.91015625	15	3	130
585.253906	4.501953	epoch	299650	131	300418	276	-1	1	4	2	1.4453125	16	3	131
589.755859	4.501953	epoch	301955	132	302723	12	-1	2	3	2	1.3515625	17	3	132
594.257812	4.501953	epoch	304260	133	305028	228	-1	1	4	2	1.080078125	18	3	133
598.759766	4.501953	epoch	306565	134	307333	276	-1	2	3	1	1.005859375	19	3	134
603.261719	4.501953	epoch	308870	135	309638	348	-1	1	3	1	1.3203125	20	3	135
607.763672	4.501953	epoch	311175	136	311943	252	1	1	4	1	1.416015625	21	3	136
612.265625	4.501953	epoch	313480	137	314248	324	1	2	3	1	1.41796875	22	3	137
616.767578	4.501953	epoch	315785	138	316553	204	-1	2	4	1	0.875	23	3	138
621.269531	4.501953	epoch	318090	139	318858	108	1	1	4	1	0.8828125	24	3	139
625.771484	4.501953	epoch	320395	140	321163	60	1	1	3	1	2.064453125	25	3	140
630.273438	4.501953	epoch	322700	141	323468	348	1	2	3	1	1.322265625	26	3	141
634.775391	4.501953	epoch	325005	142	325773	204	1	2	4	1	1.005859375	27	3	142
639.277344	4.501953	epoch	327310	143	328078	132	-1	2	4	1	2.04296875	28	3	143
643.779297	4.501953	epoch	329615	144	330383	348	1	2	3	2	0.908203125	29	3	144
648.281250	4.501953	epoch	331920	145	332688	300	-1	1	3	2	1.185546875	30	3	145
652.783203	4.501953	epoch	334225	146	334993	60	1	1	3	2	1.146484375	31	3	146
657.285156	4.501953	epoch	336530	147	337298	108	-1	1	3	2	1.064453125	32	3	147
661.787109	4.501953	epoch	338835	148	339603	252	-1	2	4	2	1.025390625	33	3	148
666.289062	4.501953	epoch	341140	149	341908	108	1	2	3	2	1.111328125	34	3	149
670.791016	4.501953	epoch	343445	150	344213	204	-1	1	4	2	1.75390625	35	3	150
675.292969	4.501953	epoch	345750	151	346518	324	-1	1	3	2	1.001953125	36	3	151
679.794922	4.501953	epoch	348055	152	348823	36	-1	2	3	2	0.841796875	37	3	152
684.296875	4.501953	epoch	350360	153	351128	132	1	2	4	2	2.0078125	38	3	153
688.798828	4.501953	epoch	352665	154	353433	36	-1	2	3	1	1.40625	39	3	154
693.300781	4.501953	epoch	354970	155	355738	132	1	1	4	1	1.2734375	40	3	155
697.802734	4.501953	epoch	357275	156	358043	252	-1	2	4	1	1.5390625	41	3	156
702.304688	4.501953	epoch	359580	157	360348	180	-1	2	4	1	1.791015625	42	3	157
706.806641	4.501953	epoch	361885	158	362653	276	1	2	3	1	1.796875	43	3	158
711.308594	4.501953	epoch	364190	159	364958	228	1	2	4	1	1.59765625	44	3	159
715.810547	4.501953	epoch	366495	160	367263	156	-1	1	4	1	6.923828125	45	3	160
720.312500	4.501953	epoch	368800	161	369568	84	-1	1	4	1	1.169921875	46	3	161
724.814453	4.501953	epoch	371105	162	371873	300	-1	1	3	1	1.419921875	47	3	162
729.316406	4.501953	epoch	373410	163	374178	60	-1	1	3	1	1.427734375	48	3	163
733.818359	4.501953	epoch	375715	164	376483	180	1	2	4	2	1.189453125	49	3	164
738.320312	4.501953	epoch	378020	165	378788	36	1	1	3	2	1.447265625	50	3	165
742.822266	4.501953	epoch	380325	166	381093	156	-1	1	4	2	1.02734375	51	3	166
747.324219	4.501953	epoch	382630	167	383398	252	1	2	4	2	2.234375	52	3	167
751.826172	4.501953	epoch	384935	168	385703	180	-1	1	4	2	1.865234375	53	3	168
756.328125	4.501953	epoch	387240	169	388008	84	1	1	3	2	1.28515625	54	3	169
760.830078	4.501953	epoch	389545	170	390313	156	1	1	4	2	2.005859375	55	3	170
765.332031	4.501953	epoch	391850	171	392618	276	1	1	4	2	1.25	56	3	171
769.833984	4.501953	epoch	394155	172	394923	60	-1	2	3	2	0.982421875	57	3	172
774.335938	4.501953	epoch	396460	173	397228	204	1	2	4	2	0.896484375	58	3	173
