name	type	units	low_cutoff	high_cutoff	sampling_frequency	status	status_description
chan001	ECOG	µV	0.15	134.4	512.0	good	n/a
chan002	ECOG	µV	0.15	134.4	512.0	good	n/a
chan003	ECOG	µV	0.15	134.4	512.0	good	n/a
chan004	ECOG	µV	0.15	134.4	512.0	good	n/a
chan005	ECOG	µV	0.15	134.4	512.0	good	n/a
chan006	ECOG	µV	0.15	134.4	512.0	good	n/a
chan007	ECOG	µV	0.15	134.4	512.0	good	n/a
chan008	ECOG	µV	0.15	134.4	512.0	good	n/a
chan009	ECOG	µV	0.15	134.4	512.0	good	n/a
chan010	ECOG	µV	0.15	134.4	512.0	good	n/a
chan011	ECOG	µV	0.15	134.4	512.0	good	n/a
chan012	ECOG	µV	0.15	134.4	512.0	good	n/a
chan013	ECOG	µV	0.15	134.4	512.0	good	n/a
chan014	ECOG	µV	0.15	134.4	512.0	good	n/a
chan015	ECOG	µV	0.15	134.4	512.0	good	n/a
chan016	ECOG	µV	0.15	134.4	512.0	good	n/a
chan017	ECOG	µV	0.15	134.4	512.0	good	n/a
chan018	ECOG	µV	0.15	134.4	512.0	good	n/a
chan019	ECOG	µV	0.15	134.4	512.0	good	n/a
chan020	ECOG	µV	0.15	134.4	512.0	good	n/a
chan021	ECOG	µV	0.15	134.4	512.0	good	n/a
chan022	ECOG	µV	0.15	134.4	512.0	good	n/a
chan023	ECOG	µV	0.15	134.4	512.0	good	n/a
chan024	ECOG	µV	0.15	134.4	512.0	good	n/a
chan025	ECOG	µV	0.15	134.4	512.0	good	n/a
chan026	ECOG	µV	0.15	134.4	512.0	good	n/a
chan027	ECOG	µV	0.15	134.4	512.0	good	n/a
chan028	ECOG	µV	0.15	134.4	512.0	good	n/a
chan029	ECOG	µV	0.15	134.4	512.0	good	n/a
chan030	ECOG	µV	0.15	134.4	512.0	good	n/a
chan031	ECOG	µV	0.15	134.4	512.0	good	n/a
chan032	ECOG	µV	0.15	134.4	512.0	good	n/a
chan033	ECOG	µV	0.15	134.4	512.0	good	n/a
chan034	ECOG	µV	0.15	134.4	512.0	good	n/a
chan035	ECOG	µV	0.15	134.4	512.0	good	n/a
chan036	ECOG	µV	0.15	134.4	512.0	good	n/a
chan037	ECOG	µV	0.15	134.4	512.0	good	n/a
chan038	ECOG	µV	0.15	134.4	512.0	good	n/a
chan039	ECOG	µV	0.15	134.4	512.0	good	n/a
chan040	ECOG	µV	0.15	134.4	512.0	good	n/a
chan041	ECOG	µV	0.15	134.4	512.0	good	n/a
chan042	ECOG	µV	0.15	134.4	512.0	good	n/a
chan043	ECOG	µV	0.15	134.4	512.0	good	n/a
chan044	ECOG	µV	0.15	134.4	512.0	good	n/a
chan045	ECOG	µV	0.15	134.4	512.0	good	n/a
chan046	ECOG	µV	0.15	134.4	512.0	good	n/a
chan047	ECOG	µV	0.15	134.4	512.0	good	n/a
chan048	ECOG	µV	0.15	134.4	512.0	good	n/a
chan049	ECOG	µV	0.15	134.4	512.0	good	n/a
chan050	ECOG	µV	0.15	134.4	512.0	good	n/a
chan051	ECOG	µV	0.15	134.4	512.0	good	n/a
chan052	ECOG	µV	0.15	134.4	512.0	good	n/a
chan053	ECOG	µV	0.15	134.4	512.0	good	n/a
chan054	ECOG	µV	0.15	134.4	512.0	good	n/a
chan055	ECOG	µV	0.15	134.4	512.0	good	n/a
chan056	ECOG	µV	0.15	134.4	512.0	good	n/a
chan057	ECOG	µV	0.15	134.4	512.0	good	n/a
chan058	ECOG	µV	0.15	134.4	512.0	good	n/a
chan059	ECOG	µV	0.15	134.4	512.0	good	n/a
chan060	ECOG	µV	0.15	134.4	512.0	good	n/a
chan061	ECOG	µV	0.15	134.4	512.0	good	n/a
chan062	ECOG	µV	0.15	134.4	512.0	good	n/a
chan063	ECOG	µV	0.15	134.4	512.0	good	n/a
chan064	ECOG	µV	0.15	134.4	512.0	good	n/a
