name	x	y	z	size	type	material	discard	epileptic	out_of_brain	notes	AFNI	AAL	Brainnetome	Desikan_Killiany	Destrieux	Yeo7	Yeo17	JuBrain	VTPM	BrainWeb
chan001	-6.813125	61.305015	42.832572	n/a	subdural grid/strip	n/a	0	0	0	n/a	Superior Frontal Gyrus (63%)	Frontal_Sup_L (42%)	SFG, Left Superior Frontal Gyrus A9l, lateral area 9 (50%)	ctx-lh-superiorfrontal (24%)	ctx_lh_G_front_sup (24%)	7Networks_7 (40%)	17Networks_17 (37%)	no_label_found	no_label_found	csf (39%)
chan002	-13.080116	53.737491	47.476049	n/a	subdural grid/strip	n/a	0	0	0	n/a	Superior Frontal Gyrus (79%)	Frontal_Sup_L (53%)	SFG, Left Superior Frontal Gyrus A8dl, dorsolateral area 8 (37%)	ctx-lh-superiorfrontal (15%)	ctx_lh_G_front_sup (14%)	7Networks_7 (38%)	17Networks_16 (32%)	no_label_found	no_label_found	csf (52%)
chan003	-17.326773	44.857570	51.799013	n/a	subdural grid/strip	n/a	0	0	0	n/a	Superior Frontal Gyrus (62%)	Frontal_Sup_L (29%)	SFG, Left Superior Frontal Gyrus A8dl, dorsolateral area 8 (41%)	ctx-lh-superiorfrontal (7%)	ctx_lh_G_front_sup (7%)	7Networks_7 (34%)	17Networks_16 (23%)	no_label_found	no_label_found	csf (59%)
chan004	-21.625127	37.126759	55.231437	n/a	subdural grid/strip	n/a	0	0	0	n/a	Superior Frontal Gyrus (31%)	Frontal_Mid_L (46%)	SFG, Left Superior Frontal Gyrus A8dl, dorsolateral area 8 (32%)	ctx-lh-superiorfrontal (4%)	ctx_lh_G_front_sup (4%)	7Networks_7 (27%)	17Networks_16 (15%)	no_label_found	no_label_found	csf (39%)
chan005	-24.448597	28.956230	58.324419	n/a	subdural grid/strip	n/a	0	0	0	n/a	Middle Frontal Gyrus (53%)	Frontal_Mid_L (54%)	MFG, Left Middle Frontal Gyrus A6vl, ventrolateral area 6 (20%)	ctx-lh-superiorfrontal (13%)	ctx_lh_G_front_sup (13%)	7Networks_7 (33%)	17Networks_13 (25%)	no_label_found	no_label_found	csf (31%)
chan006	-30.646647	18.388979	58.943499	n/a	subdural grid/strip	n/a	0	0	0	n/a	Middle Frontal Gyrus (61%)	Frontal_Mid_L (46%)	MFG, Left Middle Frontal Gyrus A6vl, ventrolateral area 6 (58%)	ctx-lh-superiorfrontal (12%)	ctx_lh_S_front_sup (11%)	7Networks_7 (38%)	17Networks_13 (45%)	no_label_found	no_label_found	csf (54%)
chan007	-32.030104	9.233352	61.118087	n/a	subdural grid/strip	n/a	0	0	0	n/a	Middle Frontal Gyrus (59%)	Precentral_L (37%)	PrG, Left Precentral Gyrus A6cdl, caudal dorsolateral area 6 (16%)	ctx-lh-superiorfrontal (27%)	ctx_lh_S_front_sup (27%)	7Networks_6 (11%)	17Networks_6 (8%)	no_label_found	no_label_found	csf (72%)
chan008	-35.686684	-0.945049	62.654786	n/a	subdural grid/strip	n/a	0	0	0	n/a	Precentral Gyrus (57%)	Precentral_L (55%)	PrG, Left Precentral Gyrus A4ul, area 4 (upper limb region) (43%)	ctx-lh-precentral (23%)	ctx_lh_G_precentral (23%)	7Networks_2 (35%)	17Networks_3 (35%)	Area 6 (81%)	no_label_found	csf (48%)
chan009	-14.894256	63.484526	37.208329	n/a	subdural grid/strip	n/a	0	0	0	n/a	Superior Frontal Gyrus (87%)	Frontal_Sup_L (49%)	MFG, Left Middle Frontal Gyrus A9/46d, dorsal area 9/46 (23%)	ctx-lh-rostralmiddlefrontal (22%)	ctx_lh_G_front_middle (22%)	7Networks_7 (42%)	17Networks_16 (33%)	no_label_found	no_label_found	csf (44%)
chan010	-20.024366	56.558351	41.153338	n/a	subdural grid/strip	n/a	0	0	0	n/a	Middle Frontal Gyrus (50%)	Frontal_Sup_L (36%)	MFG, Left Middle Frontal Gyrus A9/46d, dorsal area 9/46 (41%)	ctx-lh-rostralmiddlefrontal (16%)	ctx_lh_G_front_middle (16%)	7Networks_7 (19%)	17Networks_8 (20%)	no_label_found	no_label_found	csf (48%)
chan011	-25.047191	47.501242	46.207038	n/a	subdural grid/strip	n/a	0	0	0	n/a	Middle Frontal Gyrus (84%)	Frontal_Mid_L (49%)	MFG, Left Middle Frontal Gyrus A9/46d, dorsal area 9/46 (35%)	ctx-lh-rostralmiddlefrontal (23%)	ctx_lh_G_front_middle (23%)	7Networks_7 (29%)	17Networks_13 (41%)	no_label_found	no_label_found	csf (34%)
chan012	-29.825249	38.222736	49.848110	n/a	subdural grid/strip	n/a	0	0	0	n/a	Middle Frontal Gyrus (55%)	Frontal_Mid_L (56%)	MFG, Left Middle Frontal Gyrus A8vl, ventrolateral area 8 (49%)	ctx-lh-caudalmiddlefrontal (23%)	ctx_lh_G_front_middle (23%)	7Networks_7 (45%)	17Networks_17 (28%)	no_label_found	no_label_found	csf (36%)
chan013	-33.875905	31.188443	51.881821	n/a	subdural grid/strip	n/a	0	0	0	n/a	Superior Frontal Gyrus (45%)	Frontal_Mid_L (51%)	MFG, Left Middle Frontal Gyrus A8vl, ventrolateral area 8 (41%)	ctx-lh-caudalmiddlefrontal (18%)	ctx_lh_G_front_middle (18%)	7Networks_7 (38%)	17Networks_17 (38%)	no_label_found	no_label_found	csf (39%)
chan014	-37.539880	21.008354	53.456636	n/a	subdural grid/strip	n/a	0	0	0	n/a	Middle Frontal Gyrus (82%)	Frontal_Mid_L (44%)	MFG, Left Middle Frontal Gyrus A6vl, ventrolateral area 6 (65%)	ctx-lh-caudalmiddlefrontal (20%)	ctx_lh_G_front_middle (20%)	7Networks_7 (60%)	17Networks_17 (59%)	no_label_found	no_label_found	csf (49%)
chan015	-39.671790	10.046600	54.626942	n/a	subdural grid/strip	n/a	0	0	0	n/a	Middle Frontal Gyrus (59%)	Precentral_L (51%)	PrG, Left Precentral Gyrus A6cdl, caudal dorsolateral area 6 (33%)	ctx-lh-caudalmiddlefrontal (5%)	ctx_lh_S_precentral-sup-part (4%)	7Networks_2 (43%)	17Networks_3 (31%)	Area 6 (34%)	no_label_found	grey_matter (38%)
chan016	-43.762024	2.122973	55.793924	n/a	subdural grid/strip	n/a	0	0	0	n/a	Precentral Gyrus (82%)	Precentral_L (47%)	PrG, Left Precentral Gyrus A4ul, area 4 (upper limb region) (33%)	ctx-lh-postcentral (7%)	ctx_lh_G_postcentral (7%)	7Networks_2 (48%)	17Networks_3 (48%)	Area 6 (84%)	no_label_found	csf (69%)
chan017	-22.856456	65.285361	30.843640	n/a	subdural grid/strip	n/a	0	0	0	n/a	Superior Frontal Gyrus (78%)	Frontal_Mid_L (50%)	MFG, Left Middle Frontal Gyrus A9/46d, dorsal area 9/46 (54%)	ctx-lh-rostralmiddlefrontal (11%)	ctx_lh_G_front_middle (11%)	7Networks_4 (31%)	17Networks_8 (32%)	no_label_found	no_label_found	csf (40%)
chan018	-28.294069	57.616306	34.212537	n/a	subdural grid/strip	n/a	0	0	0	n/a	Brodmann area 9 (62%)	Frontal_Mid_L (56%)	MFG, Left Middle Frontal Gyrus A9/46d, dorsal area 9/46 (54%)	ctx-lh-rostralmiddlefrontal (27%)	ctx_lh_G_front_middle (27%)	7Networks_4 (31%)	17Networks_8 (36%)	no_label_found	no_label_found	csf (48%)
chan019	-33.140497	48.466539	38.126360	n/a	subdural grid/strip	n/a	0	0	0	n/a	Middle Frontal Gyrus (73%)	Frontal_Mid_L (56%)	MFG, Left Middle Frontal Gyrus A8vl, ventrolateral area 8 (34%)	ctx-lh-rostralmiddlefrontal (26%)	ctx_lh_G_front_middle (26%)	7Networks_6 (42%)	17Networks_13 (23%)	no_label_found	no_label_found	grey_matter (35%)
chan020	-37.807324	40.149739	42.807059	n/a	subdural grid/strip	n/a	0	0	0	n/a	Middle Frontal Gyrus (63%)	Frontal_Mid_L (62%)	MFG, Left Middle Frontal Gyrus A8vl, ventrolateral area 8 (43%)	ctx-lh-rostralmiddlefrontal (16%)	ctx_lh_G_front_middle (21%)	7Networks_6 (25%)	17Networks_13 (38%)	no_label_found	no_label_found	csf (32%)
chan021	-41.501264	30.925207	44.483768	n/a	subdural grid/strip	n/a	0	0	0	n/a	Middle Frontal Gyrus (81%)	Frontal_Mid_L (49%)	MFG, Left Middle Frontal Gyrus IFJ, inferior frontal junction (28%)	ctx-lh-caudalmiddlefrontal (13%)	ctx_lh_G_front_middle (13%)	7Networks_7 (51%)	17Networks_17 (37%)	no_label_found	no_label_found	csf (40%)
chan022	-45.142849	22.786429	46.232084	n/a	subdural grid/strip	n/a	0	0	0	n/a	Middle Frontal Gyrus (92%)	Precentral_L (38%)	PrG, Left Precentral Gyrus A6cvl, caudal ventrolateral area 6 (23%)	ctx-lh-caudalmiddlefrontal (28%)	ctx_lh_G_front_middle (22%)	7Networks_6 (25%)	17Networks_12 (27%)	Area 44 (32%)	no_label_found	csf (50%)
chan023	-47.922160	12.629579	48.863811	n/a	subdural grid/strip	n/a	0	0	0	n/a	Precentral Gyrus (66%)	Precentral_L (52%)	PrG, Left Precentral Gyrus A6cdl, caudal dorsolateral area 6 (50%)	ctx-lh-precentral (27%)	ctx_lh_G_precentral (27%)	7Networks_2 (38%)	17Networks_4 (37%)	Area 6 (49%)	no_label_found	csf (46%)
chan024	-51.463694	3.893313	50.422359	n/a	subdural grid/strip	n/a	0	0	0	n/a	Precentral Gyrus (75%)	Postcentral_L (48%)	PoG, Left Postcentral Gyrus A1/2/3ulhf, area 1/2/3 (upper limb, head and face region) (38%)	ctx-lh-precentral (17%)	ctx_lh_G_precentral (17%)	7Networks_2 (49%)	17Networks_3 (30%)	Area 6 (85%)	no_label_found	csf (46%)
chan025	-29.473167	66.727766	21.472592	n/a	subdural grid/strip	n/a	0	0	0	n/a	Middle Frontal Gyrus (60%)	Frontal_Mid_L (62%)	MFG, Left Middle Frontal Gyrus A9/46v, ventral area 9/46  (18%)	ctx-lh-rostralmiddlefrontal (17%)	ctx_lh_G_front_middle (17%)	7Networks_4 (35%)	17Networks_8 (37%)	no_label_found	no_label_found	csf (32%)
chan026	-34.274767	57.695547	27.321112	n/a	subdural grid/strip	n/a	0	0	0	n/a	Middle Frontal Gyrus (86%)	Frontal_Mid_L (49%)	MFG, Left Middle Frontal Gyrus A9/46d, dorsal area 9/46 (17%)	ctx-lh-rostralmiddlefrontal (18%)	ctx_lh_G_front_middle (18%)	7Networks_6 (22%)	17Networks_8 (36%)	no_label_found	no_label_found	grey_matter (35%)
chan027	-39.315236	49.741002	30.344672	n/a	subdural grid/strip	n/a	0	0	0	n/a	Middle Frontal Gyrus (80%)	Frontal_Mid_L (46%)	MFG, Left Middle Frontal Gyrus A8vl, ventrolateral area 8 (51%)	ctx-lh-rostralmiddlefrontal (27%)	ctx_lh_G_front_middle (26%)	7Networks_6 (32%)	17Networks_12 (31%)	no_label_found	no_label_found	csf (32%)
chan028	-43.789906	40.107242	32.700722	n/a	subdural grid/strip	n/a	0	0	0	n/a	Middle Frontal Gyrus (95%)	Frontal_Mid_L (37%)	MFG, Left Middle Frontal Gyrus A8vl, ventrolateral area 8 (40%)	ctx-lh-caudalmiddlefrontal (9%)	ctx_lh_G_front_middle (10%)	7Networks_6 (39%)	17Networks_12 (28%)	Area 45 (13%)	no_label_found	csf (33%)
chan029	-47.632386	31.030224	33.646884	n/a	subdural grid/strip	n/a	0	0	0	n/a	Middle Frontal Gyrus (73%)	Frontal_Mid_L (19%)	MFG, Left Middle Frontal Gyrus IFJ, inferior frontal junction (15%)	ctx-lh-caudalmiddlefrontal (17%)	ctx_lh_G_front_middle (17%)	7Networks_6 (25%)	17Networks_13 (28%)	Area 45 (32%)	no_label_found	skin (37%)
chan030	-49.772737	22.586009	38.181601	n/a	subdural grid/strip	n/a	0	0	0	n/a	Middle Frontal Gyrus (64%)	Precentral_L (49%)	PrG, Left Precentral Gyrus A6cvl, caudal ventrolateral area 6 (27%)	ctx-lh-caudalmiddlefrontal (10%)	ctx_lh_G_precentral (15%)	7Networks_3 (30%)	17Networks_6 (50%)	Area 44 (47%)	no_label_found	grey_matter (39%)
chan031	-54.700778	12.511325	39.965691	n/a	subdural grid/strip	n/a	0	0	0	n/a	Precentral Gyrus (69%)	Precentral_L (28%)	PrG, Left Precentral Gyrus A4hf, area 4 (head and face region) (49%)	ctx-lh-precentral (19%)	ctx_lh_G_precentral (19%)	7Networks_2 (28%)	17Networks_4 (28%)	Area 6 (65%)	no_label_found	skull (39%)
chan032	-57.920043	3.663367	42.145518	n/a	subdural grid/strip	n/a	0	0	0	n/a	Precentral Gyrus (90%)	Postcentral_L (51%)	PoG, Left Postcentral Gyrus A1/2/3ulhf, area 1/2/3 (upper limb, head and face region) (45%)	ctx-lh-postcentral (26%)	ctx_lh_G_postcentral (26%)	7Networks_2 (49%)	17Networks_4 (48%)	Area 1 (43%)	no_label_found	grey_matter (39%)
chan033	-34.791257	64.356346	17.303838	n/a	subdural grid/strip	n/a	0	0	0	n/a	Middle Frontal Gyrus (93%)	Frontal_Mid_L (58%)	MFG, Left Middle Frontal Gyrus A9/46v, ventral area 9/46  (51%)	ctx-lh-rostralmiddlefrontal (31%)	ctx_lh_G_front_middle (31%)	7Networks_6 (28%)	17Networks_8 (41%)	no_label_found	no_label_found	grey_matter (34%)
chan034	-39.697064	56.372411	20.277320	n/a	subdural grid/strip	n/a	0	0	0	n/a	Middle Frontal Gyrus (97%)	Frontal_Mid_L (39%)	MFG, Left Middle Frontal Gyrus A9/46v, ventral area 9/46  (53%)	ctx-lh-rostralmiddlefrontal (26%)	ctx_lh_G_front_middle (26%)	7Networks_6 (46%)	17Networks_8 (28%)	no_label_found	no_label_found	grey_matter (42%)
chan035	-44.038926	48.591098	23.472587	n/a	subdural grid/strip	n/a	0	0	0	n/a	Middle Frontal Gyrus (100%)	Frontal_Inf_Tri_L (37%)	MFG, Left Middle Frontal Gyrus A8vl, ventrolateral area 8 (32%)	ctx-lh-rostralmiddlefrontal (23%)	ctx_lh_G_front_middle (19%)	7Networks_6 (38%)	17Networks_12 (37%)	Area 45 (14%)	no_label_found	csf (39%)
chan036	-47.557820	41.000468	25.585983	n/a	subdural grid/strip	n/a	0	0	0	n/a	Middle Frontal Gyrus (69%)	Frontal_Inf_Tri_L (43%)	MFG, Left Middle Frontal Gyrus A8vl, ventrolateral area 8 (19%)	ctx-lh-parsopercularis (9%)	ctx_lh_G_front_inf-Opercular (9%)	7Networks_7 (16%)	17Networks_17 (27%)	Area 45 (25%)	no_label_found	skull (30%)
chan037	-49.736640	30.079794	28.681836	n/a	subdural grid/strip	n/a	0	0	0	n/a	Inferior Frontal Gyrus (55%)	Frontal_Inf_Oper_L (19%)	PrG, Left Precentral Gyrus A6cvl, caudal ventrolateral area 6 (16%)	ctx-lh-precentral (4%)	ctx_lh_S_precentral-inf-part (2%)	7Networks_7 (42%)	17Networks_17 (44%)	Area 45 (45%)	no_label_found	grey_matter (29%)
chan038	-54.308555	20.366484	30.300200	n/a	subdural grid/strip	n/a	0	0	0	n/a	Inferior Frontal Gyrus (59%)	Precentral_L (42%)	PrG, Left Precentral Gyrus A4hf, area 4 (head and face region) (42%)	ctx-lh-precentral (35%)	ctx_lh_G_precentral (35%)	7Networks_2 (30%)	17Networks_4 (29%)	Area 44 (54%)	no_label_found	grey_matter (44%)
chan039	-58.135971	11.342760	33.377991	n/a	subdural grid/strip	n/a	0	0	0	n/a	Precentral Gyrus (81%)	Precentral_L (32%)	PoG, Left Postcentral Gyrus A1/2/3ulhf, area 1/2/3 (upper limb, head and face region) (36%)	ctx-lh-precentral (22%)	ctx_lh_G_precentral (22%)	7Networks_2 (30%)	17Networks_4 (30%)	Area 6 (58%)	no_label_found	skull (41%)
chan040	-61.603438	1.768645	35.404729	n/a	subdural grid/strip	n/a	0	0	0	n/a	Precentral Gyrus (57%)	Postcentral_L (47%)	PoG, Left Postcentral Gyrus A2, area 2 (34%)	ctx-lh-postcentral (21%)	ctx_lh_G_and_S_subcentral (13%)	7Networks_2 (48%)	17Networks_4 (48%)	Area 1 (58%)	no_label_found	grey_matter (40%)
chan041	-37.047330	64.673287	7.523521	n/a	subdural grid/strip	n/a	0	0	0	n/a	Middle Frontal Gyrus (72%)	Frontal_Mid_L (30%)	MFG, Left Middle Frontal Gyrus A9/46v, ventral area 9/46  (50%)	ctx-lh-rostralmiddlefrontal (19%)	ctx_lh_G_front_middle (19%)	7Networks_6 (34%)	17Networks_8 (27%)	no_label_found	no_label_found	csf (42%)
chan042	-41.965746	56.487641	9.572989	n/a	subdural grid/strip	n/a	0	0	0	n/a	Inferior Frontal Gyrus (90%)	Frontal_Inf_Tri_L (55%)	IFG, Left Inferior Frontal Gyrus IFS, inferior frontal sulcus (33%)	ctx-lh-rostralmiddlefrontal (12%)	ctx_lh_G_front_middle (11%)	7Networks_6 (29%)	17Networks_12 (29%)	Area 45 (22%)	no_label_found	csf (44%)
chan043	-47.386695	47.429294	12.378942	n/a	subdural grid/strip	n/a	0	0	0	n/a	Inferior Frontal Gyrus (79%)	Frontal_Inf_Tri_L (55%)	IFG, Left Inferior Frontal Gyrus A45c, caudal area 45 (42%)	ctx-lh-parstriangularis (22%)	ctx_lh_G_front_inf-Triangul (21%)	7Networks_6 (22%)	17Networks_17 (29%)	Area 45 (30%)	no_label_found	skull (35%)
chan044	-51.832150	37.794639	15.628904	n/a	subdural grid/strip	n/a	0	0	0	n/a	Inferior Frontal Gyrus (56%)	Frontal_Inf_Tri_L (39%)	IFG, Left Inferior Frontal Gyrus A45c, caudal area 45 (31%)	ctx-lh-parsopercularis (32%)	ctx_lh_G_front_inf-Opercular (32%)	7Networks_7 (38%)	17Networks_17 (38%)	Area 45 (34%)	no_label_found	skull (33%)
chan045	-52.848475	29.960366	17.561779	n/a	subdural grid/strip	n/a	0	0	0	n/a	Inferior Frontal Gyrus (46%)	Frontal_Inf_Oper_L (37%)	IFG, Left Inferior Frontal Gyrus A44v, ventral area 44 (21%)	ctx-lh-parsopercularis (21%)	ctx_lh_G_front_inf-Opercular (21%)	7Networks_7 (42%)	17Networks_17 (42%)	Area 44 (24%)	no_label_found	skin (31%)
chan046	-57.062933	19.263653	20.329990	n/a	subdural grid/strip	n/a	0	0	0	n/a	Precentral Gyrus (31%)	Postcentral_L (18%)	PrG, Left Precentral Gyrus A4hf, area 4 (head and face region) (54%)	ctx-lh-precentral (37%)	ctx_lh_G_precentral (36%)	7Networks_4 (21%)	17Networks_7 (21%)	Area 44 (45%)	no_label_found	csf (44%)
chan047	-59.952376	9.444445	23.530589	n/a	subdural grid/strip	n/a	0	0	0	n/a	Precentral Gyrus (41%)	Postcentral_L (46%)	PoG, Left Postcentral Gyrus A1/2/3ulhf, area 1/2/3 (upper limb, head and face region) (45%)	ctx-lh-postcentral (11%)	ctx_lh_G_and_S_subcentral (11%)	7Networks_2 (36%)	17Networks_4 (36%)	OP 4 (17%)	no_label_found	grey_matter (39%)
chan048	-62.884346	0.853129	25.673360	n/a	subdural grid/strip	n/a	0	0	0	n/a	Postcentral Gyrus (56%)	Postcentral_L (51%)	PoG, Left Postcentral Gyrus A1/2/3tonIa, area 1/2/3 (tongue and larynx region) (42%)	ctx-lh-postcentral (36%)	ctx_lh_G_and_S_subcentral (36%)	7Networks_2 (36%)	17Networks_4 (36%)	OP 4 (57%)	no_label_found	grey_matter (34%)
chan049	-39.380814	63.229970	-2.319362	n/a	subdural grid/strip	n/a	0	0	0	n/a	Inferior Frontal Gyrus (52%)	Frontal_Inf_Tri_L (31%)	IFG, Left Inferior Frontal Gyrus A45r, rostral area 45 (40%)	ctx-lh-rostralmiddlefrontal (30%)	ctx_lh_S_orbital_lateral (14%)	7Networks_6 (40%)	17Networks_13 (34%)	no_label_found	no_label_found	grey_matter (39%)
chan050	-43.988293	54.423775	0.693960	n/a	subdural grid/strip	n/a	0	0	0	n/a	Inferior Frontal Gyrus (78%)	Frontal_Inf_Tri_L (44%)	IFG, Left Inferior Frontal Gyrus A45r, rostral area 45 (46%)	ctx-lh-rostralmiddlefrontal (19%)	ctx_lh_G_front_inf-Triangul (27%)	7Networks_6 (28%)	17Networks_17 (31%)	no_label_found	no_label_found	grey_matter (37%)
chan051	-48.450002	45.448617	2.884115	n/a	subdural grid/strip	n/a	0	0	0	n/a	Inferior Frontal Gyrus (92%)	Frontal_Inf_Tri_L (47%)	IFG, Left Inferior Frontal Gyrus A45r, rostral area 45 (43%)	ctx-lh-parstriangularis (40%)	ctx_lh_G_front_inf-Triangul (40%)	7Networks_7 (45%)	17Networks_17 (45%)	Area 45 (30%)	no_label_found	grey_matter (42%)
chan052	-51.949089	36.912040	5.700262	n/a	subdural grid/strip	n/a	0	0	0	n/a	Inferior Frontal Gyrus (83%)	Frontal_Inf_Tri_L (34%)	IFG, Left Inferior Frontal Gyrus A45c, caudal area 45 (33%)	ctx-lh-parstriangularis (19%)	ctx_lh_G_front_inf-Triangul (22%)	7Networks_7 (50%)	17Networks_17 (50%)	Area 45 (46%)	no_label_found	grey_matter (43%)
chan053	-53.412895	25.718457	7.808469	n/a	subdural grid/strip	n/a	0	0	0	n/a	Precentral Gyrus (40%)	Frontal_Inf_Oper_L (29%)	PrG, Left Precentral Gyrus A4tl, area 4 (tongue and larynx region) (42%)	ctx-lh-parsopercularis (23%)	ctx_lh_G_front_inf-Opercular (23%)	7Networks_7 (60%)	17Networks_17 (60%)	Area 44 (22%)	no_label_found	grey_matter (48%)
chan054	-57.904932	17.654484	10.804013	n/a	subdural grid/strip	n/a	0	0	0	n/a	Precentral Gyrus (33%)	Rolandic_Oper_L (26%)	PrG, Left Precentral Gyrus A4tl, area 4 (tongue and larynx region) (35%)	ctx-lh-precentral (31%)	ctx_lh_G_and_S_subcentral (23%)	7Networks_4 (44%)	17Networks_7 (44%)	Area 44 (12%)	no_label_found	skull (37%)
chan055	-60.803590	8.840247	12.637670	n/a	subdural grid/strip	n/a	0	0	0	n/a	Superior Temporal Gyrus (38%)	Temporal_Sup_L (18%)	PoG, Left Postcentral Gyrus A1/2/3tonIa, area 1/2/3 (tongue and larynx region) (55%)	ctx-lh-postcentral (17%)	ctx_lh_G_and_S_subcentral (20%)	7Networks_2 (20%)	17Networks_4 (22%)	OP 4 (15%)	no_label_found	skull (43%)
chan056	-63.599587	-1.958844	15.655809	n/a	subdural grid/strip	n/a	0	0	0	n/a	Transverse Temporal Gyrus (25%)	Temporal_Sup_L (22%)	STG, Left Superior Temporal Gyrus A22c, caudal area 22 (41%)	ctx-lh-superiortemporal (10%)	ctx_lh_G_temp_sup-Lateral (10%)	7Networks_2 (17%)	17Networks_4 (17%)	TE 3 (16%)	no_label_found	skull (46%)
chan057	-39.606579	59.795399	-13.141592	n/a	subdural grid/strip	n/a	0	0	0	n/a	Inferior Frontal Gyrus (55%)	Frontal_Inf_Orb_L (42%)	OrG, Left Orbital Gyrus A12/47l, lateral area 12/47 (43%)	ctx-lh-parstriangularis (13%)	ctx_lh_G_front_inf-Orbital (10%)	7Networks_7 (43%)	17Networks_17 (43%)	no_label_found	no_label_found	grey_matter (37%)
chan058	-43.438882	50.629252	-8.852506	n/a	subdural grid/strip	n/a	0	0	0	n/a	Inferior Frontal Gyrus (81%)	Frontal_Inf_Orb_L (38%)	IFG, Left Inferior Frontal Gyrus A45r, rostral area 45 (34%)	ctx-lh-parstriangularis (32%)	ctx_lh_G_front_inf-Triangul (32%)	7Networks_7 (44%)	17Networks_17 (44%)	no_label_found	no_label_found	grey_matter (46%)
chan059	-47.104264	40.888715	-8.092171	n/a	subdural grid/strip	n/a	0	0	0	n/a	Inferior Frontal Gyrus (84%)	Frontal_Inf_Orb_L (22%)	IFG, Left Inferior Frontal Gyrus A45r, rostral area 45 (14%)	ctx-lh-parstriangularis (29%)	ctx_lh_G_front_inf-Triangul (29%)	7Networks_7 (26%)	17Networks_17 (26%)	no_label_found	no_label_found	skull (28%)
chan060	-50.820621	32.100138	-5.379662	n/a	subdural grid/strip	n/a	0	0	0	n/a	Superior Temporal Gyrus (82%)	Temporal_Pole_Sup_L (27%)	STG, Left Superior Temporal Gyrus TE1.0 and TE1.2 (27%)	ctx-lh-superiortemporal (9%)	ctx_lh_G_temp_sup-Lateral (9%)	7Networks_2 (6%)	17Networks_14 (7%)	no_label_found	no_label_found	csf (42%)
chan061	-53.739799	23.691252	-1.378349	n/a	subdural grid/strip	n/a	0	0	0	n/a	Superior Temporal Gyrus (78%)	Temporal_Sup_L (20%)	STG, Left Superior Temporal Gyrus TE1.0 and TE1.2 (46%)	ctx-lh-superiortemporal (24%)	ctx_lh_G_temp_sup-Lateral (24%)	7Networks_2 (14%)	17Networks_14 (7%)	no_label_found	no_label_found	csf (37%)
chan062	-57.609707	15.466546	0.675108	n/a	subdural grid/strip	n/a	0	0	0	n/a	Middle Temporal Gyrus (34%)	Temporal_Sup_L (35%)	STG, Left Superior Temporal Gyrus A22c, caudal area 22 (48%)	ctx-lh-superiortemporal (27%)	ctx_lh_G_temp_sup-Lateral (27%)	7Networks_2 (34%)	17Networks_4 (27%)	TE 3 (1%)	no_label_found	skull (38%)
chan063	-62.213501	5.596160	2.535011	n/a	subdural grid/strip	n/a	0	0	0	n/a	Superior Temporal Gyrus (32%)	Temporal_Mid_L (31%)	STG, Left Superior Temporal Gyrus A22c, caudal area 22 (63%)	ctx-lh-superiortemporal (15%)	ctx_lh_G_temp_sup-Lateral (15%)	7Networks_2 (19%)	17Networks_14 (14%)	TE 3 (28%)	no_label_found	skull (36%)
chan064	-64.799676	-3.543536	5.656651	n/a	subdural grid/strip	n/a	0	0	0	n/a	Superior Temporal Gyrus (42%)	Temporal_Mid_L (34%)	STG, Left Superior Temporal Gyrus A22c, caudal area 22 (52%)	ctx-lh-superiortemporal (34%)	ctx_lh_G_temp_sup-Lateral (34%)	7Networks_2 (16%)	17Networks_14 (20%)	TE 3 (45%)	no_label_found	grey_matter (34%)
